id,detector,enforcement_state
AC-01,,not-yet-enforced
AC-02,,not-yet-enforced
AC-03,,not-yet-enforced
AC-04,,not-yet-enforced
AC-05,,not-yet-enforced
AC-06,,not-yet-enforced
AC-07,,not-yet-enforced
AC-08,,not-yet-enforced
DC-01,,not-yet-enforced
DC-02,,not-yet-enforced
DC-03,,not-yet-enforced
DC-04,,not-yet-enforced
DC-05,,not-yet-enforced
DC-06,,not-yet-enforced
DC-07,,not-yet-enforced
DC-08,,not-yet-enforced
EC-01,,not-yet-enforced
EC-02,,not-yet-enforced
EC-03,,not-yet-enforced
EC-04,,not-yet-enforced
EC-05,,not-yet-enforced
EC-06,,not-yet-enforced
EC-07,,not-yet-enforced
EC-08,,not-yet-enforced
EC-09,,not-yet-enforced
EC-10,,not-yet-enforced
EC-11,,not-yet-enforced
GC-01,,not-yet-enforced
GC-02,,not-yet-enforced
GC-03,,not-yet-enforced
GC-04,,not-yet-enforced
GC-05,,not-yet-enforced
GC-06,,not-yet-enforced
GC-07,,not-yet-enforced
GC-08,,not-yet-enforced
GC-09,,not-yet-enforced
GC-10,,not-yet-enforced
GC-11,,not-yet-enforced
GC-12,,not-yet-enforced
GC-13,,not-yet-enforced
GC-14,,not-yet-enforced
GC-15,,not-yet-enforced
GC-16,,not-yet-enforced
GC-17,,not-yet-enforced
GC-18,,not-yet-enforced
GC-19,,not-yet-enforced
GC-20,,not-yet-enforced
GC-21,,not-yet-enforced
GC-22,,not-yet-enforced
IC-01,,not-yet-enforced
IC-02,,not-yet-enforced
IC-03,,not-yet-enforced
IC-04,,not-yet-enforced
IC-05,,not-yet-enforced
IC-06,,not-yet-enforced
IC-07,,not-yet-enforced
IN-01,,not-yet-enforced
IN-02,,not-yet-enforced
IN-03,,not-yet-enforced
IN-04,,not-yet-enforced
IN-05,,not-yet-enforced
MC-01,,not-yet-enforced
MC-02,,not-yet-enforced
MC-03,,not-yet-enforced
MC-04,,not-yet-enforced
MC-05,,not-yet-enforced
MC-06,,not-yet-enforced
MC-07,,not-yet-enforced
MC-08,,not-yet-enforced
MC-09,,not-yet-enforced
PC-01,,not-yet-enforced
PC-02,,not-yet-enforced
PC-03,,not-yet-enforced
PC-04,,not-yet-enforced
PC-05,,not-yet-enforced
PC-06,,not-yet-enforced
PC-07,,not-yet-enforced
PC-08,,not-yet-enforced
RC-01,,not-yet-enforced
RC-02,,not-yet-enforced
RC-03,,not-yet-enforced
RC-04,,not-yet-enforced
RC-05,,not-yet-enforced
RC-06,,not-yet-enforced
RC-07,,not-yet-enforced
